--------------------------------------------------------
--  File created - Thursday-September-20-2018   
--------------------------------------------------------
DROP TABLE "RAHIM"."DRIVER" cascade constraints;
DROP TABLE "RAHIM"."DRIVERTRANSPORTATION" cascade constraints;
DROP TABLE "RAHIM"."DRIVERTYPELICENSE" cascade constraints;
DROP TABLE "RAHIM"."GROUPTOUR" cascade constraints;
DROP TABLE "RAHIM"."GUIDE" cascade constraints;
DROP TABLE "RAHIM"."GUIDESITE" cascade constraints;
DROP TABLE "RAHIM"."ITINERARY" cascade constraints;
DROP TABLE "RAHIM"."PICTURES" cascade constraints;
DROP TABLE "RAHIM"."PROMOCODE" cascade constraints;
DROP TABLE "RAHIM"."SITES" cascade constraints;
DROP TABLE "RAHIM"."TOUR" cascade constraints;
DROP TABLE "RAHIM"."TOURPACKAGE" cascade constraints;
DROP TABLE "RAHIM"."TRANSPORTATION" cascade constraints;
DROP TABLE "RAHIM"."TYPELICENSE" cascade constraints;
DROP TABLE "RAHIM"."TYPETRANSPORTATION" cascade constraints;
DROP TABLE "RAHIM"."USERS" cascade constraints;
--------------------------------------------------------
--  DDL for Table DRIVER
--------------------------------------------------------

  CREATE TABLE "RAHIM"."DRIVER" 
   (	"DRIVERID" NUMBER GENERATED ALWAYS AS IDENTITY MINVALUE 1 MAXVALUE 9999999999999999999999999999 INCREMENT BY 1 START WITH 1 CACHE 20 NOORDER  NOCYCLE , 
	"DRIVERFIRSTNAME" VARCHAR2(15 BYTE), 
	"DRIVERLASTNAME" VARCHAR2(20 BYTE), 
	"DRIVERDOB" DATE, 
	"DRIVERPHONENO" VARCHAR2(15 BYTE), 
	"DRIVERADDRESS" VARCHAR2(30 BYTE), 
	"DRIVEREMAIL" VARCHAR2(15 BYTE)
   ) SEGMENT CREATION IMMEDIATE 
  PCTFREE 10 PCTUSED 40 INITRANS 1 MAXTRANS 255 
 NOCOMPRESS LOGGING
  STORAGE(INITIAL 65536 NEXT 1048576 MINEXTENTS 1 MAXEXTENTS 2147483645
  PCTINCREASE 0 FREELISTS 1 FREELIST GROUPS 1
  BUFFER_POOL DEFAULT FLASH_CACHE DEFAULT CELL_FLASH_CACHE DEFAULT)
  TABLESPACE "USERS" ;
--------------------------------------------------------
--  DDL for Table DRIVERTRANSPORTATION
--------------------------------------------------------

  CREATE TABLE "RAHIM"."DRIVERTRANSPORTATION" 
   (	"DRIVERID" NUMBER, 
	"TRANSPORTATIONID" NUMBER
   ) SEGMENT CREATION DEFERRED 
  PCTFREE 10 PCTUSED 40 INITRANS 1 MAXTRANS 255 
 NOCOMPRESS LOGGING
  TABLESPACE "USERS" ;
--------------------------------------------------------
--  DDL for Table DRIVERTYPELICENSE
--------------------------------------------------------

  CREATE TABLE "RAHIM"."DRIVERTYPELICENSE" 
   (	"DRIVERID" NUMBER, 
	"TYPELICENSENAME" VARCHAR2(20 BYTE)
   ) SEGMENT CREATION DEFERRED 
  PCTFREE 10 PCTUSED 40 INITRANS 1 MAXTRANS 255 
 NOCOMPRESS LOGGING
  TABLESPACE "USERS" ;
--------------------------------------------------------
--  DDL for Table GROUPTOUR
--------------------------------------------------------

  CREATE TABLE "RAHIM"."GROUPTOUR" 
   (	"TOURID" NUMBER, 
	"USERID" NUMBER, 
	"PAYER" VARCHAR2(50 BYTE)
   ) SEGMENT CREATION DEFERRED 
  PCTFREE 10 PCTUSED 40 INITRANS 1 MAXTRANS 255 
 NOCOMPRESS LOGGING
  TABLESPACE "USERS" ;
--------------------------------------------------------
--  DDL for Table GUIDE
--------------------------------------------------------

  CREATE TABLE "RAHIM"."GUIDE" 
   (	"GUIDEID" NUMBER GENERATED ALWAYS AS IDENTITY MINVALUE 1 MAXVALUE 9999999999999999999999999999 INCREMENT BY 1 START WITH 1 CACHE 20 NOORDER  NOCYCLE , 
	"FIRSTNAME" VARCHAR2(15 BYTE), 
	"LASTNAME" VARCHAR2(20 BYTE), 
	"ADDRESS" VARCHAR2(30 BYTE), 
	"PHONENO" VARCHAR2(15 BYTE), 
	"EMAIL" VARCHAR2(20 BYTE), 
	"LANGUAGE" VARCHAR2(15 BYTE), 
	"EXPERIENCE" NUMBER(*,0)
   ) SEGMENT CREATION IMMEDIATE 
  PCTFREE 10 PCTUSED 40 INITRANS 1 MAXTRANS 255 
 NOCOMPRESS LOGGING
  STORAGE(INITIAL 65536 NEXT 1048576 MINEXTENTS 1 MAXEXTENTS 2147483645
  PCTINCREASE 0 FREELISTS 1 FREELIST GROUPS 1
  BUFFER_POOL DEFAULT FLASH_CACHE DEFAULT CELL_FLASH_CACHE DEFAULT)
  TABLESPACE "USERS" ;
--------------------------------------------------------
--  DDL for Table GUIDESITE
--------------------------------------------------------

  CREATE TABLE "RAHIM"."GUIDESITE" 
   (	"SITEID" NUMBER, 
	"GUIDEID" NUMBER
   ) SEGMENT CREATION DEFERRED 
  PCTFREE 10 PCTUSED 40 INITRANS 1 MAXTRANS 255 
 NOCOMPRESS LOGGING
  TABLESPACE "USERS" ;
--------------------------------------------------------
--  DDL for Table ITINERARY
--------------------------------------------------------

  CREATE TABLE "RAHIM"."ITINERARY" 
   (	"ITINERARYID" NUMBER GENERATED ALWAYS AS IDENTITY MINVALUE 1 MAXVALUE 9999999999999999999999999999 INCREMENT BY 1 START WITH 1 CACHE 20 NOORDER  NOCYCLE , 
	"TOURPACKAGEID" NUMBER, 
	"SITEID" NUMBER, 
	"ITINERARYORDER" VARCHAR2(20 BYTE)
   ) SEGMENT CREATION DEFERRED 
  PCTFREE 10 PCTUSED 40 INITRANS 1 MAXTRANS 255 
 NOCOMPRESS LOGGING
  TABLESPACE "USERS" ;
--------------------------------------------------------
--  DDL for Table PICTURES
--------------------------------------------------------

  CREATE TABLE "RAHIM"."PICTURES" 
   (	"PICTUREID" NUMBER GENERATED ALWAYS AS IDENTITY MINVALUE 1 MAXVALUE 9999999999999999999999999999 INCREMENT BY 1 START WITH 1 CACHE 20 NOORDER  NOCYCLE , 
	"PICTURENAME" VARCHAR2(20 BYTE), 
	"SITEID" NUMBER, 
	"LOCATIONFILE" VARCHAR2(200 BYTE)
   ) SEGMENT CREATION IMMEDIATE 
  PCTFREE 10 PCTUSED 40 INITRANS 1 MAXTRANS 255 
 NOCOMPRESS LOGGING
  STORAGE(INITIAL 65536 NEXT 1048576 MINEXTENTS 1 MAXEXTENTS 2147483645
  PCTINCREASE 0 FREELISTS 1 FREELIST GROUPS 1
  BUFFER_POOL DEFAULT FLASH_CACHE DEFAULT CELL_FLASH_CACHE DEFAULT)
  TABLESPACE "USERS" ;
--------------------------------------------------------
--  DDL for Table PROMOCODE
--------------------------------------------------------

  CREATE TABLE "RAHIM"."PROMOCODE" 
   (	"PROMOCODEID" NUMBER GENERATED ALWAYS AS IDENTITY MINVALUE 1 MAXVALUE 9999999999999999999999999999 INCREMENT BY 1 START WITH 1 CACHE 20 NOORDER  NOCYCLE , 
	"PROMOCODENAME" VARCHAR2(15 BYTE), 
	"TOURID" NUMBER, 
	"PROMOCODEDISCOUNT" NUMBER
   ) SEGMENT CREATION DEFERRED 
  PCTFREE 10 PCTUSED 40 INITRANS 1 MAXTRANS 255 
 NOCOMPRESS LOGGING
  TABLESPACE "USERS" ;
--------------------------------------------------------
--  DDL for Table SITES
--------------------------------------------------------

  CREATE TABLE "RAHIM"."SITES" 
   (	"SITEID" NUMBER GENERATED ALWAYS AS IDENTITY MINVALUE 1 MAXVALUE 9999999999999999999999999999 INCREMENT BY 1 START WITH 1 CACHE 20 NOORDER  NOCYCLE , 
	"SITENAME" VARCHAR2(20 BYTE), 
	"MAINPICTURE" VARCHAR2(100 BYTE), 
	"TIMENEED" NUMBER(*,0)
   ) SEGMENT CREATION IMMEDIATE 
  PCTFREE 10 PCTUSED 40 INITRANS 1 MAXTRANS 255 
 NOCOMPRESS LOGGING
  STORAGE(INITIAL 65536 NEXT 1048576 MINEXTENTS 1 MAXEXTENTS 2147483645
  PCTINCREASE 0 FREELISTS 1 FREELIST GROUPS 1
  BUFFER_POOL DEFAULT FLASH_CACHE DEFAULT CELL_FLASH_CACHE DEFAULT)
  TABLESPACE "USERS" ;
--------------------------------------------------------
--  DDL for Table TOUR
--------------------------------------------------------

  CREATE TABLE "RAHIM"."TOUR" 
   (	"TOURID" NUMBER GENERATED ALWAYS AS IDENTITY MINVALUE 1 MAXVALUE 9999999999999999999999999999 INCREMENT BY 1 START WITH 1 CACHE 20 NOORDER  NOCYCLE , 
	"TOURPACKAGEID" NUMBER, 
	"TOURDATE" DATE, 
	"TOURTIME" NUMBER, 
	"PICKUP_LOCATION" VARCHAR2(30 BYTE), 
	"DROPOFF_LOCATION" VARCHAR2(30 BYTE), 
	"TRANSPORTATIONID" NUMBER, 
	"GUIDEID" NUMBER, 
	"DRIVERID" NUMBER, 
	"PRICE" NUMBER
   ) SEGMENT CREATION DEFERRED 
  PCTFREE 10 PCTUSED 40 INITRANS 1 MAXTRANS 255 
 NOCOMPRESS LOGGING
  TABLESPACE "USERS" ;
--------------------------------------------------------
--  DDL for Table TOURPACKAGE
--------------------------------------------------------

  CREATE TABLE "RAHIM"."TOURPACKAGE" 
   (	"TOURPACKAGEID" NUMBER GENERATED ALWAYS AS IDENTITY MINVALUE 1 MAXVALUE 9999999999999999999999999999 INCREMENT BY 1 START WITH 1 CACHE 20 NOORDER  NOCYCLE , 
	"NAMES" VARCHAR2(15 BYTE), 
	"DESCRIPTIONS" VARCHAR2(800 BYTE), 
	"ITINERARYDESCRIPTON" VARCHAR2(800 BYTE), 
	"DURATION_MIN" NUMBER, 
	"DURATION_MAX" NUMBER, 
	"GROUP_MIN" NUMBER(*,0), 
	"GROUP_MAX" NUMBER(*,0), 
	"TRANSPORTATIONID" NUMBER, 
	"PRICE" NUMBER, 
	"PRIVATES" NUMBER(*,0), 
	"PRIVATESIZE_MIN" NUMBER(*,0), 
	"PRIVATESIZE_MAX" NUMBER(*,0), 
	"PUBLICS" NUMBER(*,0), 
	"PUBLICSIZE_MIN" NUMBER(*,0), 
	"PUBLICSIZE_MAX" NUMBER(*,0)
   ) SEGMENT CREATION IMMEDIATE 
  PCTFREE 10 PCTUSED 40 INITRANS 1 MAXTRANS 255 
 NOCOMPRESS LOGGING
  STORAGE(INITIAL 65536 NEXT 1048576 MINEXTENTS 1 MAXEXTENTS 2147483645
  PCTINCREASE 0 FREELISTS 1 FREELIST GROUPS 1
  BUFFER_POOL DEFAULT FLASH_CACHE DEFAULT CELL_FLASH_CACHE DEFAULT)
  TABLESPACE "USERS" ;
--------------------------------------------------------
--  DDL for Table TRANSPORTATION
--------------------------------------------------------

  CREATE TABLE "RAHIM"."TRANSPORTATION" 
   (	"TRANSPORTATIONID" NUMBER GENERATED ALWAYS AS IDENTITY MINVALUE 1 MAXVALUE 9999999999999999999999999999 INCREMENT BY 1 START WITH 1 CACHE 20 NOORDER  NOCYCLE , 
	"TRANSPORTATIONNAME" VARCHAR2(15 BYTE), 
	"TRANSPORTATIONCAPACITY" NUMBER(*,0), 
	"COMMENTS" VARCHAR2(100 BYTE), 
	"TYPETRANSPNAME" VARCHAR2(10 BYTE)
   ) SEGMENT CREATION IMMEDIATE 
  PCTFREE 10 PCTUSED 40 INITRANS 1 MAXTRANS 255 
 NOCOMPRESS LOGGING
  STORAGE(INITIAL 65536 NEXT 1048576 MINEXTENTS 1 MAXEXTENTS 2147483645
  PCTINCREASE 0 FREELISTS 1 FREELIST GROUPS 1
  BUFFER_POOL DEFAULT FLASH_CACHE DEFAULT CELL_FLASH_CACHE DEFAULT)
  TABLESPACE "USERS" ;
--------------------------------------------------------
--  DDL for Table TYPELICENSE
--------------------------------------------------------

  CREATE TABLE "RAHIM"."TYPELICENSE" 
   (	"TYPELICENSENAME" VARCHAR2(20 BYTE), 
	"DESCRIPTION" VARCHAR2(500 BYTE)
   ) SEGMENT CREATION IMMEDIATE 
  PCTFREE 10 PCTUSED 40 INITRANS 1 MAXTRANS 255 
 NOCOMPRESS LOGGING
  STORAGE(INITIAL 65536 NEXT 1048576 MINEXTENTS 1 MAXEXTENTS 2147483645
  PCTINCREASE 0 FREELISTS 1 FREELIST GROUPS 1
  BUFFER_POOL DEFAULT FLASH_CACHE DEFAULT CELL_FLASH_CACHE DEFAULT)
  TABLESPACE "USERS" ;
--------------------------------------------------------
--  DDL for Table TYPETRANSPORTATION
--------------------------------------------------------

  CREATE TABLE "RAHIM"."TYPETRANSPORTATION" 
   (	"TYPETRANSPNAME" VARCHAR2(20 BYTE), 
	"DESCRIPTION" VARCHAR2(10 BYTE), 
	"TYPELICENSENAME" VARCHAR2(20 BYTE)
   ) SEGMENT CREATION IMMEDIATE 
  PCTFREE 10 PCTUSED 40 INITRANS 1 MAXTRANS 255 
 NOCOMPRESS LOGGING
  STORAGE(INITIAL 65536 NEXT 1048576 MINEXTENTS 1 MAXEXTENTS 2147483645
  PCTINCREASE 0 FREELISTS 1 FREELIST GROUPS 1
  BUFFER_POOL DEFAULT FLASH_CACHE DEFAULT CELL_FLASH_CACHE DEFAULT)
  TABLESPACE "USERS" ;
--------------------------------------------------------
--  DDL for Table USERS
--------------------------------------------------------

  CREATE TABLE "RAHIM"."USERS" 
   (	"USERID" NUMBER GENERATED ALWAYS AS IDENTITY MINVALUE 1 MAXVALUE 9999999999999999999999999999 INCREMENT BY 1 START WITH 1 CACHE 20 NOORDER  NOCYCLE , 
	"USERNAME" VARCHAR2(10 BYTE), 
	"PASSWORD" VARCHAR2(70 BYTE), 
	"FIRSTNAME" VARCHAR2(15 BYTE), 
	"LASTNAME" VARCHAR2(20 BYTE), 
	"ADDRESS" VARCHAR2(30 BYTE), 
	"EMAIL" VARCHAR2(20 BYTE), 
	"PHONENO" VARCHAR2(15 BYTE), 
	"COUNTRY" VARCHAR2(100 BYTE)
   ) SEGMENT CREATION IMMEDIATE 
  PCTFREE 10 PCTUSED 40 INITRANS 1 MAXTRANS 255 
 NOCOMPRESS LOGGING
  STORAGE(INITIAL 65536 NEXT 1048576 MINEXTENTS 1 MAXEXTENTS 2147483645
  PCTINCREASE 0 FREELISTS 1 FREELIST GROUPS 1
  BUFFER_POOL DEFAULT FLASH_CACHE DEFAULT CELL_FLASH_CACHE DEFAULT)
  TABLESPACE "USERS" ;
REM INSERTING into RAHIM.DRIVER
SET DEFINE OFF;
Insert into RAHIM.DRIVER (DRIVERID,DRIVERFIRSTNAME,DRIVERLASTNAME,DRIVERDOB,DRIVERPHONENO,DRIVERADDRESS,DRIVEREMAIL) values (4,'Ibrahim','Diallo',to_date('10-SEP-18','DD-MON-RR'),'9174567898','45 Maple Terrace Rahway NJ','ibou@gmail.com');
Insert into RAHIM.DRIVER (DRIVERID,DRIVERFIRSTNAME,DRIVERLASTNAME,DRIVERDOB,DRIVERPHONENO,DRIVERADDRESS,DRIVEREMAIL) values (5,'Mike','Lorren',to_date('01-JUN-80','DD-MON-RR'),'3479765674','123 Avenue B Manhattan NY','mike@gmail.com');
Insert into RAHIM.DRIVER (DRIVERID,DRIVERFIRSTNAME,DRIVERLASTNAME,DRIVERDOB,DRIVERPHONENO,DRIVERADDRESS,DRIVEREMAIL) values (6,'Jacob','Jonshon',to_date('21-DEC-90','DD-MON-RR'),'201456789','summer Rd NJ','jacob@gmail.com');
REM INSERTING into RAHIM.DRIVERTRANSPORTATION
SET DEFINE OFF;
REM INSERTING into RAHIM.DRIVERTYPELICENSE
SET DEFINE OFF;
REM INSERTING into RAHIM.GROUPTOUR
SET DEFINE OFF;
REM INSERTING into RAHIM.GUIDE
SET DEFINE OFF;
Insert into RAHIM.GUIDE (GUIDEID,FIRSTNAME,LASTNAME,ADDRESS,PHONENO,EMAIL,LANGUAGE,EXPERIENCE) values (1,'Ben','Obama','234 Crystal Street NY','347456345','ben@gmail.com','French',2);
Insert into RAHIM.GUIDE (GUIDEID,FIRSTNAME,LASTNAME,ADDRESS,PHONENO,EMAIL,LANGUAGE,EXPERIENCE) values (2,'Jackson','Blue','456 Ocen Pkway Brooklyn NY','345678954','jackson@gmail.com','English',5);
Insert into RAHIM.GUIDE (GUIDEID,FIRSTNAME,LASTNAME,ADDRESS,PHONENO,EMAIL,LANGUAGE,EXPERIENCE) values (3,'Micheal','Florence','234Queens Blvd Queens NY','345234678','micheal@gmail.com','Spanish',1);
Insert into RAHIM.GUIDE (GUIDEID,FIRSTNAME,LASTNAME,ADDRESS,PHONENO,EMAIL,LANGUAGE,EXPERIENCE) values (8,'Ismail','Diallo','234 Boston Rd Bronx NY','210456435','ismail@gmail.com','French',6);
REM INSERTING into RAHIM.GUIDESITE
SET DEFINE OFF;
REM INSERTING into RAHIM.ITINERARY
SET DEFINE OFF;
REM INSERTING into RAHIM.PICTURES
SET DEFINE OFF;
Insert into RAHIM.PICTURES (PICTUREID,PICTURENAME,SITEID,LOCATIONFILE) values (1,'High line park',1,'file:///Users/Rahim/Desktop/perschols/CaseStudy/src/static/images/HightLineImg.JPG');
Insert into RAHIM.PICTURES (PICTUREID,PICTURENAME,SITEID,LOCATIONFILE) values (2,'Central Park',1,'file:///Users/Rahim/Desktop/perschols/CaseStudy/src/static/images/centralParkImg.jpg');
Insert into RAHIM.PICTURES (PICTUREID,PICTURENAME,SITEID,LOCATIONFILE) values (3,'Times Square',1,'file:///Users/Rahim/Desktop/perschols/CaseStudy/src/static/images/timesSquare.jpg');
Insert into RAHIM.PICTURES (PICTUREID,PICTURENAME,SITEID,LOCATIONFILE) values (5,'Grand Central ',1,'file:///Users/Rahim/Desktop/perschols/CaseStudy/src/static/images/grandcentral_midtown_manhattan_nyc_brittanypetronella0057__x_large.jpg');
REM INSERTING into RAHIM.PROMOCODE
SET DEFINE OFF;
REM INSERTING into RAHIM.SITES
SET DEFINE OFF;
Insert into RAHIM.SITES (SITEID,SITENAME,MAINPICTURE,TIMENEED) values (1,'Manhattan','file:///Users/Rahim/Desktop/perschols/CaseStudy/src/static/images/manhattansite.jpg',10);
Insert into RAHIM.SITES (SITEID,SITENAME,MAINPICTURE,TIMENEED) values (6,'Brooklyn','file:///Users/Rahim/Desktop/perschols/CaseStudy/src/static/images/BrooklynImg.jpg',10);
Insert into RAHIM.SITES (SITEID,SITENAME,MAINPICTURE,TIMENEED) values (10,'Queens','file:///Users/Rahim/Desktop/perschols/CaseStudy/src/static/images/QueensImg.jpg',10);
REM INSERTING into RAHIM.TOUR
SET DEFINE OFF;
REM INSERTING into RAHIM.TOURPACKAGE
SET DEFINE OFF;
Insert into RAHIM.TOURPACKAGE (TOURPACKAGEID,NAMES,DESCRIPTIONS,ITINERARYDESCRIPTON,DURATION_MIN,DURATION_MAX,GROUP_MIN,GROUP_MAX,TRANSPORTATIONID,PRICE,PRIVATES,PRIVATESIZE_MIN,PRIVATESIZE_MAX,PUBLICS,PUBLICSIZE_MIN,PUBLICSIZE_MAX) values (4,'Walking Tour','There are a lot of details to enjoy when walking in NYC, from feeling the NY state of mind in every neighborhood to getting this unique close up moment with every sight and scene at a street corner.Join us for a fun time in the city. Any area in New York City you want to visit, we will customize a tour (by foot and subway or taxi if needed) for you and your group. No rush, no stalling, walking just at your pace and making it a unique fun memorable experience.
Don''t just pass on the amazing stories, pictures, feel you can get in places car or buses don''t fit. Let''s have fun !','It''s customized in the best way to suit your interest.
There are many options possibles once we dicussed for you that makes it possible to see most of these sights or some of them. Please note the longer the duration the more you can see.',2,5,10,20,16,225,1,10,20,1,10,20);
Insert into RAHIM.TOURPACKAGE (TOURPACKAGEID,NAMES,DESCRIPTIONS,ITINERARYDESCRIPTON,DURATION_MIN,DURATION_MAX,GROUP_MIN,GROUP_MAX,TRANSPORTATIONID,PRICE,PRIVATES,PRIVATESIZE_MIN,PRIVATESIZE_MAX,PUBLICS,PUBLICSIZE_MIN,PUBLICSIZE_MAX) values (7,'Bus Tour','Whether it''s a church group, school, company outing, family reunion, no occasion is too big for the charter bus. It can fit comfortably up to 50 people. For larger groups we can discuss alternatives.','Meeting location: ',3,6,10,40,12,400,1,10,40,1,10,20);
Insert into RAHIM.TOURPACKAGE (TOURPACKAGEID,NAMES,DESCRIPTIONS,ITINERARYDESCRIPTON,DURATION_MIN,DURATION_MAX,GROUP_MIN,GROUP_MAX,TRANSPORTATIONID,PRICE,PRIVATES,PRIVATESIZE_MIN,PRIVATESIZE_MAX,PUBLICS,PUBLICSIZE_MIN,PUBLICSIZE_MAX) values (8,'SUV Tour','Have it your way ! NYC has something for everyone, you don''t have to settle for group tours. Just contact us and we can create a tour just for you and your group. Our experienced chauffeur along with our fun licensed guide will cater to you and make the tour worth your while. The minimum number of hours you can book is 3 h. You can add extra time if you would like when booking. Tell us what interest you or hear our suggestions then make a decision. We have set itineraries and unique ones never done before routes just to create the best memories. Our SUV are clean, comfortable and safe. Maximum people who can fit in one is 6 plus the guide and the driver. For slightly larger groups, limo, vans, minibuses and coach buses are available.','Tailored to your exact needs, anywhere in the five boroughs of NYC.There are many options possibles once we discussed for you that makes it possible to see most of these sights or some of them. Please note the longer the duration the more you can see.',3,6,1,6,10,400,1,1,6,0,0,0);
Insert into RAHIM.TOURPACKAGE (TOURPACKAGEID,NAMES,DESCRIPTIONS,ITINERARYDESCRIPTON,DURATION_MIN,DURATION_MAX,GROUP_MIN,GROUP_MAX,TRANSPORTATIONID,PRICE,PRIVATES,PRIVATESIZE_MIN,PRIVATESIZE_MAX,PUBLICS,PUBLICSIZE_MIN,PUBLICSIZE_MAX) values (10,'Layover Tour','This tour let you explore the city between flights.','We pick you up at your terminal, then go on based on your interest and return time.',1,6,1,6,11,1050,1,1,6,0,0,0);
REM INSERTING into RAHIM.TRANSPORTATION
SET DEFINE OFF;
Insert into RAHIM.TRANSPORTATION (TRANSPORTATIONID,TRANSPORTATIONNAME,TRANSPORTATIONCAPACITY,COMMENTS,TYPETRANSPNAME) values (10,'SUV',6,null,'CAR');
Insert into RAHIM.TRANSPORTATION (TRANSPORTATIONID,TRANSPORTATIONNAME,TRANSPORTATIONCAPACITY,COMMENTS,TYPETRANSPNAME) values (11,'LAYOVER',8,null,'CAR');
Insert into RAHIM.TRANSPORTATION (TRANSPORTATIONID,TRANSPORTATIONNAME,TRANSPORTATIONCAPACITY,COMMENTS,TYPETRANSPNAME) values (12,'Bus',40,null,'BUS');
Insert into RAHIM.TRANSPORTATION (TRANSPORTATIONID,TRANSPORTATIONNAME,TRANSPORTATIONCAPACITY,COMMENTS,TYPETRANSPNAME) values (13,'MiniBus',30,null,'BUS');
Insert into RAHIM.TRANSPORTATION (TRANSPORTATIONID,TRANSPORTATIONNAME,TRANSPORTATIONCAPACITY,COMMENTS,TYPETRANSPNAME) values (16,'WaALKING',25,null,'Walking');
Insert into RAHIM.TRANSPORTATION (TRANSPORTATIONID,TRANSPORTATIONNAME,TRANSPORTATIONCAPACITY,COMMENTS,TYPETRANSPNAME) values (17,'Subway',25,null,'Train');
REM INSERTING into RAHIM.TYPELICENSE
SET DEFINE OFF;
Insert into RAHIM.TYPELICENSE (TYPELICENSENAME,DESCRIPTION) values ('D','Passenger cars and trucks with a Gross Vehicle Weight Rating (GVWR)  of 26,000 lbs. or less. 
A vehicle that tows another vehicle (for example a trailer) that has a maximum gross weight of 10,000 lbs. or less.');
Insert into RAHIM.TYPELICENSE (TYPELICENSENAME,DESCRIPTION) values ('SUBWAY','A guide will do the tour by using the MTA subway station transport');
Insert into RAHIM.TYPELICENSE (TYPELICENSENAME,DESCRIPTION) values ('Foot','The tour will be done by foot around New York City');
Insert into RAHIM.TYPELICENSE (TYPELICENSENAME,DESCRIPTION) values ('CDL','A commercial driver license is required to operate large or heavy vehicles. This includes, but is not limited to, tow trucks, tractor trailers and buses.');
Insert into RAHIM.TYPELICENSE (TYPELICENSENAME,DESCRIPTION) values ('E','The same type of vehicles as Class D, plus for-hire vehicles that carry 14 passengers or less.');
REM INSERTING into RAHIM.TYPETRANSPORTATION
SET DEFINE OFF;
Insert into RAHIM.TYPETRANSPORTATION (TYPETRANSPNAME,DESCRIPTION,TYPELICENSENAME) values ('Train',null,'CDL');
Insert into RAHIM.TYPETRANSPORTATION (TYPETRANSPNAME,DESCRIPTION,TYPELICENSENAME) values ('BUS',null,'CDL');
Insert into RAHIM.TYPETRANSPORTATION (TYPETRANSPNAME,DESCRIPTION,TYPELICENSENAME) values ('Mini Bus',null,'CDL');
Insert into RAHIM.TYPETRANSPORTATION (TYPETRANSPNAME,DESCRIPTION,TYPELICENSENAME) values ('Walking',null,'Foot');
Insert into RAHIM.TYPETRANSPORTATION (TYPETRANSPNAME,DESCRIPTION,TYPELICENSENAME) values ('CAR',null,'E');
REM INSERTING into RAHIM.USERS
SET DEFINE OFF;
Insert into RAHIM.USERS (USERID,USERNAME,PASSWORD,FIRSTNAME,LASTNAME,ADDRESS,EMAIL,PHONENO,COUNTRY) values (102,'Danilo','$2a$11$PgYhEUtMmKYu2KAnGCFTqujbDi2jXoBlyV7e/hAPJooI.m/G70mBW','Malick','Diatta','184 Queens Blvd','malick@gmail.com','456435321','Mali');
Insert into RAHIM.USERS (USERID,USERNAME,PASSWORD,FIRSTNAME,LASTNAME,ADDRESS,EMAIL,PHONENO,COUNTRY) values (103,'rahim','$2a$11$bXKcaZnlLO/mLNeqkJ.wMuxlwLpuTf7222.KAs72Zc1tggy6jQTnS','Abdourahim','Diallo','184 Queens Blvd','malick@gmail.com','456435321','Senegal');
--------------------------------------------------------
--  DDL for Index DRIVER_PK
--------------------------------------------------------

  CREATE UNIQUE INDEX "RAHIM"."DRIVER_PK" ON "RAHIM"."DRIVER" ("DRIVERID") 
  PCTFREE 10 INITRANS 2 MAXTRANS 255 COMPUTE STATISTICS 
  STORAGE(INITIAL 65536 NEXT 1048576 MINEXTENTS 1 MAXEXTENTS 2147483645
  PCTINCREASE 0 FREELISTS 1 FREELIST GROUPS 1
  BUFFER_POOL DEFAULT FLASH_CACHE DEFAULT CELL_FLASH_CACHE DEFAULT)
  TABLESPACE "USERS" ;
--------------------------------------------------------
--  DDL for Index DRIVER_TRANSPORTATION_PK
--------------------------------------------------------

  CREATE UNIQUE INDEX "RAHIM"."DRIVER_TRANSPORTATION_PK" ON "RAHIM"."DRIVERTRANSPORTATION" ("DRIVERID", "TRANSPORTATIONID") 
  PCTFREE 10 INITRANS 2 MAXTRANS 255 
  TABLESPACE "USERS" ;
--------------------------------------------------------
--  DDL for Index DRIVER_TYPELICENSE_PK1
--------------------------------------------------------

  CREATE UNIQUE INDEX "RAHIM"."DRIVER_TYPELICENSE_PK1" ON "RAHIM"."DRIVERTYPELICENSE" ("DRIVERID", "TYPELICENSENAME") 
  PCTFREE 10 INITRANS 2 MAXTRANS 255 
  TABLESPACE "USERS" ;
--------------------------------------------------------
--  DDL for Index GROUPTOUR_PK1
--------------------------------------------------------

  CREATE UNIQUE INDEX "RAHIM"."GROUPTOUR_PK1" ON "RAHIM"."GROUPTOUR" ("TOURID", "USERID") 
  PCTFREE 10 INITRANS 2 MAXTRANS 255 
  TABLESPACE "USERS" ;
--------------------------------------------------------
--  DDL for Index GUIDE_PK
--------------------------------------------------------

  CREATE UNIQUE INDEX "RAHIM"."GUIDE_PK" ON "RAHIM"."GUIDE" ("GUIDEID") 
  PCTFREE 10 INITRANS 2 MAXTRANS 255 COMPUTE STATISTICS 
  STORAGE(INITIAL 65536 NEXT 1048576 MINEXTENTS 1 MAXEXTENTS 2147483645
  PCTINCREASE 0 FREELISTS 1 FREELIST GROUPS 1
  BUFFER_POOL DEFAULT FLASH_CACHE DEFAULT CELL_FLASH_CACHE DEFAULT)
  TABLESPACE "USERS" ;
--------------------------------------------------------
--  DDL for Index GUIDE_SITE_PK
--------------------------------------------------------

  CREATE UNIQUE INDEX "RAHIM"."GUIDE_SITE_PK" ON "RAHIM"."GUIDESITE" ("SITEID", "GUIDEID") 
  PCTFREE 10 INITRANS 2 MAXTRANS 255 
  TABLESPACE "USERS" ;
--------------------------------------------------------
--  DDL for Index ITINERARY_PK
--------------------------------------------------------

  CREATE UNIQUE INDEX "RAHIM"."ITINERARY_PK" ON "RAHIM"."ITINERARY" ("ITINERARYID") 
  PCTFREE 10 INITRANS 2 MAXTRANS 255 
  TABLESPACE "USERS" ;
--------------------------------------------------------
--  DDL for Index SYS_C005341
--------------------------------------------------------

  CREATE UNIQUE INDEX "RAHIM"."SYS_C005341" ON "RAHIM"."ITINERARY" ("TOURPACKAGEID") 
  PCTFREE 10 INITRANS 2 MAXTRANS 255 
  TABLESPACE "USERS" ;
--------------------------------------------------------
--  DDL for Index SYS_C005342
--------------------------------------------------------

  CREATE UNIQUE INDEX "RAHIM"."SYS_C005342" ON "RAHIM"."ITINERARY" ("SITEID") 
  PCTFREE 10 INITRANS 2 MAXTRANS 255 
  TABLESPACE "USERS" ;
--------------------------------------------------------
--  DDL for Index PICTURE_PK
--------------------------------------------------------

  CREATE UNIQUE INDEX "RAHIM"."PICTURE_PK" ON "RAHIM"."PICTURES" ("PICTUREID") 
  PCTFREE 10 INITRANS 2 MAXTRANS 255 COMPUTE STATISTICS 
  STORAGE(INITIAL 65536 NEXT 1048576 MINEXTENTS 1 MAXEXTENTS 2147483645
  PCTINCREASE 0 FREELISTS 1 FREELIST GROUPS 1
  BUFFER_POOL DEFAULT FLASH_CACHE DEFAULT CELL_FLASH_CACHE DEFAULT)
  TABLESPACE "USERS" ;
--------------------------------------------------------
--  DDL for Index SYS_C005334
--------------------------------------------------------

  CREATE UNIQUE INDEX "RAHIM"."SYS_C005334" ON "RAHIM"."PICTURES" ("PICTURENAME") 
  PCTFREE 10 INITRANS 2 MAXTRANS 255 COMPUTE STATISTICS 
  STORAGE(INITIAL 65536 NEXT 1048576 MINEXTENTS 1 MAXEXTENTS 2147483645
  PCTINCREASE 0 FREELISTS 1 FREELIST GROUPS 1
  BUFFER_POOL DEFAULT FLASH_CACHE DEFAULT CELL_FLASH_CACHE DEFAULT)
  TABLESPACE "USERS" ;
--------------------------------------------------------
--  DDL for Index PROMOCODE_PK
--------------------------------------------------------

  CREATE UNIQUE INDEX "RAHIM"."PROMOCODE_PK" ON "RAHIM"."PROMOCODE" ("PROMOCODEID") 
  PCTFREE 10 INITRANS 2 MAXTRANS 255 
  TABLESPACE "USERS" ;
--------------------------------------------------------
--  DDL for Index SITE_PK
--------------------------------------------------------

  CREATE UNIQUE INDEX "RAHIM"."SITE_PK" ON "RAHIM"."SITES" ("SITEID") 
  PCTFREE 10 INITRANS 2 MAXTRANS 255 COMPUTE STATISTICS 
  STORAGE(INITIAL 65536 NEXT 1048576 MINEXTENTS 1 MAXEXTENTS 2147483645
  PCTINCREASE 0 FREELISTS 1 FREELIST GROUPS 1
  BUFFER_POOL DEFAULT FLASH_CACHE DEFAULT CELL_FLASH_CACHE DEFAULT)
  TABLESPACE "USERS" ;
--------------------------------------------------------
--  DDL for Index TOUR_PK
--------------------------------------------------------

  CREATE UNIQUE INDEX "RAHIM"."TOUR_PK" ON "RAHIM"."TOUR" ("TOURID") 
  PCTFREE 10 INITRANS 2 MAXTRANS 255 
  TABLESPACE "USERS" ;
--------------------------------------------------------
--  DDL for Index TOURPACKAGE_PK
--------------------------------------------------------

  CREATE UNIQUE INDEX "RAHIM"."TOURPACKAGE_PK" ON "RAHIM"."TOURPACKAGE" ("TOURPACKAGEID") 
  PCTFREE 10 INITRANS 2 MAXTRANS 255 COMPUTE STATISTICS 
  STORAGE(INITIAL 65536 NEXT 1048576 MINEXTENTS 1 MAXEXTENTS 2147483645
  PCTINCREASE 0 FREELISTS 1 FREELIST GROUPS 1
  BUFFER_POOL DEFAULT FLASH_CACHE DEFAULT CELL_FLASH_CACHE DEFAULT)
  TABLESPACE "USERS" ;
--------------------------------------------------------
--  DDL for Index TRANSPORTATION_PK
--------------------------------------------------------

  CREATE UNIQUE INDEX "RAHIM"."TRANSPORTATION_PK" ON "RAHIM"."TRANSPORTATION" ("TRANSPORTATIONID") 
  PCTFREE 10 INITRANS 2 MAXTRANS 255 COMPUTE STATISTICS 
  STORAGE(INITIAL 65536 NEXT 1048576 MINEXTENTS 1 MAXEXTENTS 2147483645
  PCTINCREASE 0 FREELISTS 1 FREELIST GROUPS 1
  BUFFER_POOL DEFAULT FLASH_CACHE DEFAULT CELL_FLASH_CACHE DEFAULT)
  TABLESPACE "USERS" ;
--------------------------------------------------------
--  DDL for Index TYPELICENCE_PK
--------------------------------------------------------

  CREATE UNIQUE INDEX "RAHIM"."TYPELICENCE_PK" ON "RAHIM"."TYPELICENSE" ("TYPELICENSENAME") 
  PCTFREE 10 INITRANS 2 MAXTRANS 255 COMPUTE STATISTICS 
  STORAGE(INITIAL 65536 NEXT 1048576 MINEXTENTS 1 MAXEXTENTS 2147483645
  PCTINCREASE 0 FREELISTS 1 FREELIST GROUPS 1
  BUFFER_POOL DEFAULT FLASH_CACHE DEFAULT CELL_FLASH_CACHE DEFAULT)
  TABLESPACE "USERS" ;
--------------------------------------------------------
--  DDL for Index TYPETRANSPORTATION_PK
--------------------------------------------------------

  CREATE UNIQUE INDEX "RAHIM"."TYPETRANSPORTATION_PK" ON "RAHIM"."TYPETRANSPORTATION" ("TYPETRANSPNAME") 
  PCTFREE 10 INITRANS 2 MAXTRANS 255 COMPUTE STATISTICS 
  STORAGE(INITIAL 65536 NEXT 1048576 MINEXTENTS 1 MAXEXTENTS 2147483645
  PCTINCREASE 0 FREELISTS 1 FREELIST GROUPS 1
  BUFFER_POOL DEFAULT FLASH_CACHE DEFAULT CELL_FLASH_CACHE DEFAULT)
  TABLESPACE "USERS" ;
--------------------------------------------------------
--  DDL for Index USER_PK
--------------------------------------------------------

  CREATE UNIQUE INDEX "RAHIM"."USER_PK" ON "RAHIM"."USERS" ("USERID") 
  PCTFREE 10 INITRANS 2 MAXTRANS 255 COMPUTE STATISTICS 
  STORAGE(INITIAL 65536 NEXT 1048576 MINEXTENTS 1 MAXEXTENTS 2147483645
  PCTINCREASE 0 FREELISTS 1 FREELIST GROUPS 1
  BUFFER_POOL DEFAULT FLASH_CACHE DEFAULT CELL_FLASH_CACHE DEFAULT)
  TABLESPACE "USERS" ;
--------------------------------------------------------
--  DDL for Index SYS_C005668
--------------------------------------------------------

  CREATE UNIQUE INDEX "RAHIM"."SYS_C005668" ON "RAHIM"."USERS" ("USERNAME") 
  PCTFREE 10 INITRANS 2 MAXTRANS 255 COMPUTE STATISTICS 
  STORAGE(INITIAL 65536 NEXT 1048576 MINEXTENTS 1 MAXEXTENTS 2147483645
  PCTINCREASE 0 FREELISTS 1 FREELIST GROUPS 1
  BUFFER_POOL DEFAULT FLASH_CACHE DEFAULT CELL_FLASH_CACHE DEFAULT)
  TABLESPACE "USERS" ;
--------------------------------------------------------
--  Constraints for Table DRIVER
--------------------------------------------------------

  ALTER TABLE "RAHIM"."DRIVER" ADD CONSTRAINT "DRIVER_PK" PRIMARY KEY ("DRIVERID")
  USING INDEX PCTFREE 10 INITRANS 2 MAXTRANS 255 COMPUTE STATISTICS 
  STORAGE(INITIAL 65536 NEXT 1048576 MINEXTENTS 1 MAXEXTENTS 2147483645
  PCTINCREASE 0 FREELISTS 1 FREELIST GROUPS 1
  BUFFER_POOL DEFAULT FLASH_CACHE DEFAULT CELL_FLASH_CACHE DEFAULT)
  TABLESPACE "USERS"  ENABLE;
  ALTER TABLE "RAHIM"."DRIVER" MODIFY ("DRIVEREMAIL" NOT NULL ENABLE);
  ALTER TABLE "RAHIM"."DRIVER" MODIFY ("DRIVERADDRESS" NOT NULL ENABLE);
  ALTER TABLE "RAHIM"."DRIVER" MODIFY ("DRIVERPHONENO" NOT NULL ENABLE);
  ALTER TABLE "RAHIM"."DRIVER" MODIFY ("DRIVERDOB" NOT NULL ENABLE);
  ALTER TABLE "RAHIM"."DRIVER" MODIFY ("DRIVERLASTNAME" NOT NULL ENABLE);
  ALTER TABLE "RAHIM"."DRIVER" MODIFY ("DRIVERFIRSTNAME" NOT NULL ENABLE);
  ALTER TABLE "RAHIM"."DRIVER" MODIFY ("DRIVERID" NOT NULL ENABLE);
--------------------------------------------------------
--  Constraints for Table DRIVERTRANSPORTATION
--------------------------------------------------------

  ALTER TABLE "RAHIM"."DRIVERTRANSPORTATION" ADD CONSTRAINT "DRIVER_TRANSPORTATION_PK" PRIMARY KEY ("DRIVERID", "TRANSPORTATIONID")
  USING INDEX PCTFREE 10 INITRANS 2 MAXTRANS 255 
  TABLESPACE "USERS"  ENABLE;
  ALTER TABLE "RAHIM"."DRIVERTRANSPORTATION" MODIFY ("TRANSPORTATIONID" NOT NULL ENABLE);
  ALTER TABLE "RAHIM"."DRIVERTRANSPORTATION" MODIFY ("DRIVERID" NOT NULL ENABLE);
--------------------------------------------------------
--  Constraints for Table DRIVERTYPELICENSE
--------------------------------------------------------

  ALTER TABLE "RAHIM"."DRIVERTYPELICENSE" ADD CONSTRAINT "DRIVER_TYPELICENSE_PK1" PRIMARY KEY ("DRIVERID", "TYPELICENSENAME")
  USING INDEX PCTFREE 10 INITRANS 2 MAXTRANS 255 
  TABLESPACE "USERS"  ENABLE;
  ALTER TABLE "RAHIM"."DRIVERTYPELICENSE" MODIFY ("TYPELICENSENAME" NOT NULL ENABLE);
  ALTER TABLE "RAHIM"."DRIVERTYPELICENSE" MODIFY ("DRIVERID" NOT NULL ENABLE);
--------------------------------------------------------
--  Constraints for Table GROUPTOUR
--------------------------------------------------------

  ALTER TABLE "RAHIM"."GROUPTOUR" ADD CONSTRAINT "GROUPTOUR_PK1" PRIMARY KEY ("TOURID", "USERID")
  USING INDEX PCTFREE 10 INITRANS 2 MAXTRANS 255 
  TABLESPACE "USERS"  ENABLE;
  ALTER TABLE "RAHIM"."GROUPTOUR" MODIFY ("PAYER" NOT NULL ENABLE);
  ALTER TABLE "RAHIM"."GROUPTOUR" MODIFY ("USERID" NOT NULL ENABLE);
  ALTER TABLE "RAHIM"."GROUPTOUR" MODIFY ("TOURID" NOT NULL ENABLE);
--------------------------------------------------------
--  Constraints for Table GUIDE
--------------------------------------------------------

  ALTER TABLE "RAHIM"."GUIDE" ADD CONSTRAINT "GUIDE_PK" PRIMARY KEY ("GUIDEID")
  USING INDEX PCTFREE 10 INITRANS 2 MAXTRANS 255 COMPUTE STATISTICS 
  STORAGE(INITIAL 65536 NEXT 1048576 MINEXTENTS 1 MAXEXTENTS 2147483645
  PCTINCREASE 0 FREELISTS 1 FREELIST GROUPS 1
  BUFFER_POOL DEFAULT FLASH_CACHE DEFAULT CELL_FLASH_CACHE DEFAULT)
  TABLESPACE "USERS"  ENABLE;
  ALTER TABLE "RAHIM"."GUIDE" MODIFY ("EXPERIENCE" NOT NULL ENABLE);
  ALTER TABLE "RAHIM"."GUIDE" MODIFY ("LANGUAGE" NOT NULL ENABLE);
  ALTER TABLE "RAHIM"."GUIDE" MODIFY ("EMAIL" NOT NULL ENABLE);
  ALTER TABLE "RAHIM"."GUIDE" MODIFY ("PHONENO" NOT NULL ENABLE);
  ALTER TABLE "RAHIM"."GUIDE" MODIFY ("ADDRESS" NOT NULL ENABLE);
  ALTER TABLE "RAHIM"."GUIDE" MODIFY ("LASTNAME" NOT NULL ENABLE);
  ALTER TABLE "RAHIM"."GUIDE" MODIFY ("FIRSTNAME" NOT NULL ENABLE);
  ALTER TABLE "RAHIM"."GUIDE" MODIFY ("GUIDEID" NOT NULL ENABLE);
--------------------------------------------------------
--  Constraints for Table GUIDESITE
--------------------------------------------------------

  ALTER TABLE "RAHIM"."GUIDESITE" ADD CONSTRAINT "GUIDE_SITE_PK" PRIMARY KEY ("SITEID", "GUIDEID")
  USING INDEX PCTFREE 10 INITRANS 2 MAXTRANS 255 
  TABLESPACE "USERS"  ENABLE;
  ALTER TABLE "RAHIM"."GUIDESITE" MODIFY ("GUIDEID" NOT NULL ENABLE);
  ALTER TABLE "RAHIM"."GUIDESITE" MODIFY ("SITEID" NOT NULL ENABLE);
--------------------------------------------------------
--  Constraints for Table ITINERARY
--------------------------------------------------------

  ALTER TABLE "RAHIM"."ITINERARY" ADD UNIQUE ("SITEID")
  USING INDEX PCTFREE 10 INITRANS 2 MAXTRANS 255 
  TABLESPACE "USERS"  ENABLE;
  ALTER TABLE "RAHIM"."ITINERARY" ADD UNIQUE ("TOURPACKAGEID")
  USING INDEX PCTFREE 10 INITRANS 2 MAXTRANS 255 
  TABLESPACE "USERS"  ENABLE;
  ALTER TABLE "RAHIM"."ITINERARY" ADD CONSTRAINT "ITINERARY_PK" PRIMARY KEY ("ITINERARYID")
  USING INDEX PCTFREE 10 INITRANS 2 MAXTRANS 255 
  TABLESPACE "USERS"  ENABLE;
  ALTER TABLE "RAHIM"."ITINERARY" MODIFY ("ITINERARYORDER" NOT NULL ENABLE);
  ALTER TABLE "RAHIM"."ITINERARY" MODIFY ("SITEID" NOT NULL ENABLE);
  ALTER TABLE "RAHIM"."ITINERARY" MODIFY ("TOURPACKAGEID" NOT NULL ENABLE);
  ALTER TABLE "RAHIM"."ITINERARY" MODIFY ("ITINERARYID" NOT NULL ENABLE);
--------------------------------------------------------
--  Constraints for Table PICTURES
--------------------------------------------------------

  ALTER TABLE "RAHIM"."PICTURES" ADD UNIQUE ("PICTURENAME")
  USING INDEX PCTFREE 10 INITRANS 2 MAXTRANS 255 COMPUTE STATISTICS 
  STORAGE(INITIAL 65536 NEXT 1048576 MINEXTENTS 1 MAXEXTENTS 2147483645
  PCTINCREASE 0 FREELISTS 1 FREELIST GROUPS 1
  BUFFER_POOL DEFAULT FLASH_CACHE DEFAULT CELL_FLASH_CACHE DEFAULT)
  TABLESPACE "USERS"  ENABLE;
  ALTER TABLE "RAHIM"."PICTURES" ADD CONSTRAINT "PICTURE_PK" PRIMARY KEY ("PICTUREID")
  USING INDEX PCTFREE 10 INITRANS 2 MAXTRANS 255 COMPUTE STATISTICS 
  STORAGE(INITIAL 65536 NEXT 1048576 MINEXTENTS 1 MAXEXTENTS 2147483645
  PCTINCREASE 0 FREELISTS 1 FREELIST GROUPS 1
  BUFFER_POOL DEFAULT FLASH_CACHE DEFAULT CELL_FLASH_CACHE DEFAULT)
  TABLESPACE "USERS"  ENABLE;
  ALTER TABLE "RAHIM"."PICTURES" MODIFY ("LOCATIONFILE" NOT NULL ENABLE);
  ALTER TABLE "RAHIM"."PICTURES" MODIFY ("SITEID" NOT NULL ENABLE);
  ALTER TABLE "RAHIM"."PICTURES" MODIFY ("PICTURENAME" NOT NULL ENABLE);
  ALTER TABLE "RAHIM"."PICTURES" MODIFY ("PICTUREID" NOT NULL ENABLE);
--------------------------------------------------------
--  Constraints for Table PROMOCODE
--------------------------------------------------------

  ALTER TABLE "RAHIM"."PROMOCODE" ADD CONSTRAINT "PROMOCODE_PK" PRIMARY KEY ("PROMOCODEID")
  USING INDEX PCTFREE 10 INITRANS 2 MAXTRANS 255 
  TABLESPACE "USERS"  ENABLE;
  ALTER TABLE "RAHIM"."PROMOCODE" MODIFY ("PROMOCODEDISCOUNT" NOT NULL ENABLE);
  ALTER TABLE "RAHIM"."PROMOCODE" MODIFY ("TOURID" NOT NULL ENABLE);
  ALTER TABLE "RAHIM"."PROMOCODE" MODIFY ("PROMOCODENAME" NOT NULL ENABLE);
  ALTER TABLE "RAHIM"."PROMOCODE" MODIFY ("PROMOCODEID" NOT NULL ENABLE);
--------------------------------------------------------
--  Constraints for Table SITES
--------------------------------------------------------

  ALTER TABLE "RAHIM"."SITES" ADD CONSTRAINT "SITE_PK" PRIMARY KEY ("SITEID")
  USING INDEX PCTFREE 10 INITRANS 2 MAXTRANS 255 COMPUTE STATISTICS 
  STORAGE(INITIAL 65536 NEXT 1048576 MINEXTENTS 1 MAXEXTENTS 2147483645
  PCTINCREASE 0 FREELISTS 1 FREELIST GROUPS 1
  BUFFER_POOL DEFAULT FLASH_CACHE DEFAULT CELL_FLASH_CACHE DEFAULT)
  TABLESPACE "USERS"  ENABLE;
  ALTER TABLE "RAHIM"."SITES" MODIFY ("TIMENEED" NOT NULL ENABLE);
  ALTER TABLE "RAHIM"."SITES" MODIFY ("MAINPICTURE" NOT NULL ENABLE);
  ALTER TABLE "RAHIM"."SITES" MODIFY ("SITENAME" NOT NULL ENABLE);
  ALTER TABLE "RAHIM"."SITES" MODIFY ("SITEID" NOT NULL ENABLE);
--------------------------------------------------------
--  Constraints for Table TOUR
--------------------------------------------------------

  ALTER TABLE "RAHIM"."TOUR" ADD CONSTRAINT "TOUR_PK" PRIMARY KEY ("TOURID")
  USING INDEX PCTFREE 10 INITRANS 2 MAXTRANS 255 
  TABLESPACE "USERS"  ENABLE;
  ALTER TABLE "RAHIM"."TOUR" MODIFY ("PRICE" NOT NULL ENABLE);
  ALTER TABLE "RAHIM"."TOUR" MODIFY ("DRIVERID" NOT NULL ENABLE);
  ALTER TABLE "RAHIM"."TOUR" MODIFY ("GUIDEID" NOT NULL ENABLE);
  ALTER TABLE "RAHIM"."TOUR" MODIFY ("TRANSPORTATIONID" NOT NULL ENABLE);
  ALTER TABLE "RAHIM"."TOUR" MODIFY ("DROPOFF_LOCATION" NOT NULL ENABLE);
  ALTER TABLE "RAHIM"."TOUR" MODIFY ("PICKUP_LOCATION" NOT NULL ENABLE);
  ALTER TABLE "RAHIM"."TOUR" MODIFY ("TOURTIME" NOT NULL ENABLE);
  ALTER TABLE "RAHIM"."TOUR" MODIFY ("TOURDATE" NOT NULL ENABLE);
  ALTER TABLE "RAHIM"."TOUR" MODIFY ("TOURPACKAGEID" NOT NULL ENABLE);
  ALTER TABLE "RAHIM"."TOUR" MODIFY ("TOURID" NOT NULL ENABLE);
--------------------------------------------------------
--  Constraints for Table TOURPACKAGE
--------------------------------------------------------

  ALTER TABLE "RAHIM"."TOURPACKAGE" ADD CONSTRAINT "TOURPACKAGE_PK" PRIMARY KEY ("TOURPACKAGEID")
  USING INDEX PCTFREE 10 INITRANS 2 MAXTRANS 255 COMPUTE STATISTICS 
  STORAGE(INITIAL 65536 NEXT 1048576 MINEXTENTS 1 MAXEXTENTS 2147483645
  PCTINCREASE 0 FREELISTS 1 FREELIST GROUPS 1
  BUFFER_POOL DEFAULT FLASH_CACHE DEFAULT CELL_FLASH_CACHE DEFAULT)
  TABLESPACE "USERS"  ENABLE;
  ALTER TABLE "RAHIM"."TOURPACKAGE" MODIFY ("PUBLICSIZE_MAX" NOT NULL ENABLE);
  ALTER TABLE "RAHIM"."TOURPACKAGE" MODIFY ("PUBLICSIZE_MIN" NOT NULL ENABLE);
  ALTER TABLE "RAHIM"."TOURPACKAGE" MODIFY ("PUBLICS" NOT NULL ENABLE);
  ALTER TABLE "RAHIM"."TOURPACKAGE" MODIFY ("PRIVATESIZE_MAX" NOT NULL ENABLE);
  ALTER TABLE "RAHIM"."TOURPACKAGE" MODIFY ("PRIVATESIZE_MIN" NOT NULL ENABLE);
  ALTER TABLE "RAHIM"."TOURPACKAGE" MODIFY ("PRIVATES" NOT NULL ENABLE);
  ALTER TABLE "RAHIM"."TOURPACKAGE" MODIFY ("PRICE" NOT NULL ENABLE);
  ALTER TABLE "RAHIM"."TOURPACKAGE" MODIFY ("TRANSPORTATIONID" NOT NULL ENABLE);
  ALTER TABLE "RAHIM"."TOURPACKAGE" MODIFY ("GROUP_MAX" NOT NULL ENABLE);
  ALTER TABLE "RAHIM"."TOURPACKAGE" MODIFY ("GROUP_MIN" NOT NULL ENABLE);
  ALTER TABLE "RAHIM"."TOURPACKAGE" MODIFY ("DURATION_MAX" NOT NULL ENABLE);
  ALTER TABLE "RAHIM"."TOURPACKAGE" MODIFY ("DURATION_MIN" NOT NULL ENABLE);
  ALTER TABLE "RAHIM"."TOURPACKAGE" MODIFY ("ITINERARYDESCRIPTON" NOT NULL ENABLE);
  ALTER TABLE "RAHIM"."TOURPACKAGE" MODIFY ("DESCRIPTIONS" NOT NULL ENABLE);
  ALTER TABLE "RAHIM"."TOURPACKAGE" MODIFY ("NAMES" NOT NULL ENABLE);
  ALTER TABLE "RAHIM"."TOURPACKAGE" MODIFY ("TOURPACKAGEID" NOT NULL ENABLE);
--------------------------------------------------------
--  Constraints for Table TRANSPORTATION
--------------------------------------------------------

  ALTER TABLE "RAHIM"."TRANSPORTATION" ADD CONSTRAINT "TRANSPORTATION_PK" PRIMARY KEY ("TRANSPORTATIONID")
  USING INDEX PCTFREE 10 INITRANS 2 MAXTRANS 255 COMPUTE STATISTICS 
  STORAGE(INITIAL 65536 NEXT 1048576 MINEXTENTS 1 MAXEXTENTS 2147483645
  PCTINCREASE 0 FREELISTS 1 FREELIST GROUPS 1
  BUFFER_POOL DEFAULT FLASH_CACHE DEFAULT CELL_FLASH_CACHE DEFAULT)
  TABLESPACE "USERS"  ENABLE;
  ALTER TABLE "RAHIM"."TRANSPORTATION" MODIFY ("TYPETRANSPNAME" NOT NULL ENABLE);
  ALTER TABLE "RAHIM"."TRANSPORTATION" MODIFY ("TRANSPORTATIONCAPACITY" NOT NULL ENABLE);
  ALTER TABLE "RAHIM"."TRANSPORTATION" MODIFY ("TRANSPORTATIONNAME" NOT NULL ENABLE);
  ALTER TABLE "RAHIM"."TRANSPORTATION" MODIFY ("TRANSPORTATIONID" NOT NULL ENABLE);
--------------------------------------------------------
--  Constraints for Table TYPELICENSE
--------------------------------------------------------

  ALTER TABLE "RAHIM"."TYPELICENSE" ADD CONSTRAINT "TYPELICENCE_PK" PRIMARY KEY ("TYPELICENSENAME")
  USING INDEX PCTFREE 10 INITRANS 2 MAXTRANS 255 COMPUTE STATISTICS 
  STORAGE(INITIAL 65536 NEXT 1048576 MINEXTENTS 1 MAXEXTENTS 2147483645
  PCTINCREASE 0 FREELISTS 1 FREELIST GROUPS 1
  BUFFER_POOL DEFAULT FLASH_CACHE DEFAULT CELL_FLASH_CACHE DEFAULT)
  TABLESPACE "USERS"  ENABLE;
--------------------------------------------------------
--  Constraints for Table TYPETRANSPORTATION
--------------------------------------------------------

  ALTER TABLE "RAHIM"."TYPETRANSPORTATION" ADD CONSTRAINT "TYPETRANSPORTATION_PK" PRIMARY KEY ("TYPETRANSPNAME")
  USING INDEX PCTFREE 10 INITRANS 2 MAXTRANS 255 COMPUTE STATISTICS 
  STORAGE(INITIAL 65536 NEXT 1048576 MINEXTENTS 1 MAXEXTENTS 2147483645
  PCTINCREASE 0 FREELISTS 1 FREELIST GROUPS 1
  BUFFER_POOL DEFAULT FLASH_CACHE DEFAULT CELL_FLASH_CACHE DEFAULT)
  TABLESPACE "USERS"  ENABLE;
  ALTER TABLE "RAHIM"."TYPETRANSPORTATION" MODIFY ("TYPELICENSENAME" NOT NULL ENABLE);
--------------------------------------------------------
--  Constraints for Table USERS
--------------------------------------------------------

  ALTER TABLE "RAHIM"."USERS" ADD UNIQUE ("USERNAME")
  USING INDEX PCTFREE 10 INITRANS 2 MAXTRANS 255 COMPUTE STATISTICS 
  STORAGE(INITIAL 65536 NEXT 1048576 MINEXTENTS 1 MAXEXTENTS 2147483645
  PCTINCREASE 0 FREELISTS 1 FREELIST GROUPS 1
  BUFFER_POOL DEFAULT FLASH_CACHE DEFAULT CELL_FLASH_CACHE DEFAULT)
  TABLESPACE "USERS"  ENABLE;
  ALTER TABLE "RAHIM"."USERS" ADD CONSTRAINT "USER_PK" PRIMARY KEY ("USERID")
  USING INDEX PCTFREE 10 INITRANS 2 MAXTRANS 255 COMPUTE STATISTICS 
  STORAGE(INITIAL 65536 NEXT 1048576 MINEXTENTS 1 MAXEXTENTS 2147483645
  PCTINCREASE 0 FREELISTS 1 FREELIST GROUPS 1
  BUFFER_POOL DEFAULT FLASH_CACHE DEFAULT CELL_FLASH_CACHE DEFAULT)
  TABLESPACE "USERS"  ENABLE;
  ALTER TABLE "RAHIM"."USERS" MODIFY ("COUNTRY" NOT NULL ENABLE);
  ALTER TABLE "RAHIM"."USERS" MODIFY ("PHONENO" NOT NULL ENABLE);
  ALTER TABLE "RAHIM"."USERS" MODIFY ("EMAIL" NOT NULL ENABLE);
  ALTER TABLE "RAHIM"."USERS" MODIFY ("ADDRESS" NOT NULL ENABLE);
  ALTER TABLE "RAHIM"."USERS" MODIFY ("LASTNAME" NOT NULL ENABLE);
  ALTER TABLE "RAHIM"."USERS" MODIFY ("FIRSTNAME" NOT NULL ENABLE);
  ALTER TABLE "RAHIM"."USERS" MODIFY ("PASSWORD" NOT NULL ENABLE);
  ALTER TABLE "RAHIM"."USERS" MODIFY ("USERNAME" NOT NULL ENABLE);
  ALTER TABLE "RAHIM"."USERS" MODIFY ("USERID" NOT NULL ENABLE);
